{
  "apps/web/src/vitest.d.ts": 1775544867.9012,
  "apps/web/src/middleware.ts": 1775823361.6810622,
  "apps/web/src/hooks/useLenisScroll.ts": 1775900675.5705829,
  "apps/web/src/hooks/useChangeOrders.ts": 1775544015.5981672,
  "apps/web/src/hooks/useRealtimeApprovalEvents.ts": 1775544007.7344205,
  "apps/web/src/hooks/change-orders.ts": 1775499440.3419664,
  "apps/web/src/hooks/useProjectHealth.ts": 1775407581.435062,
  "apps/web/src/hooks/useProjects.ts": 1775407581.427062,
  "apps/web/src/hooks/query-keys.test.ts": 1775544031.0927908,
  "apps/web/src/hooks/useAnimeAnimation.ts": 1775900681.7578578,
  "apps/web/src/hooks/usePortalProject.ts": 1775554784.2212744,
  "apps/web/src/hooks/usePortalFeedback.ts": 1775498734.6259089,
  "apps/web/src/hooks/useDeliverables.ts": 1775498420.7212777,
  "apps/web/src/hooks/useClients.ts": 1775407581.427062,
  "apps/web/src/hooks/query-keys.ts": 1775543992.9871225,
  "apps/web/src/hooks/useBriefTemplates.ts": 1775488952.1636636,
  "apps/web/src/hooks/useBriefs.ts": 1775472785.8394775,
  "apps/web/src/hooks/useFeedback.ts": 1775546564.2809632,
  "apps/web/src/hooks/useDashboard.ts": 1775543998.0367799,
  "apps/web/src/hooks/useSow.ts": 1775404871.0312784,
  "apps/web/src/hooks/useRealtimeDashboardMetrics.ts": 1775544143.2887971,
  "apps/web/src/hooks/useNotifications.ts": 1775407581.435062,
  "apps/web/src/hooks/useAssetsReady.ts": 1775470819.1392243,
  "apps/web/src/hooks/useRealtimeScopeFlags.ts": 1775544004.3623347,
  "apps/web/src/hooks/useInvitations.ts": 1775301708.160011,
  "apps/web/src/hooks/useWorkspace.ts": 1775498457.7644196,
  "apps/web/src/hooks/useDebounce.ts": 1775327414.149831,
  "apps/web/src/hooks/usePortalSession.ts": 1775301452.7953892,
  "apps/web/src/hooks/useRateCard.mutations.ts": 1775404295.0245953,
  "apps/web/src/hooks/usePortalBrief.ts": 1775554979.515815,
  "apps/web/src/hooks/useOnboarding.ts": 1775401816.6032224,
  "apps/web/src/hooks/useWorkspaceUsers.ts": 1775471468.5280728,
  "apps/web/src/hooks/useAuditLog.ts": 1775467980.1021986,
  "apps/web/src/hooks/responsive.ts": 1775420744.8180623,
  "apps/web/src/hooks/useRateCard.ts": 1775407581.431062,
  "apps/web/src/hooks/usePortalDeliverables.ts": 1775397956.021664,
  "apps/web/src/hooks/useScopeFlags.ts": 1775823361.6810622,
  "apps/web/src/hooks/useRealtimeDashboardMetrics.test.ts": 1775544971.2412205,
  "apps/web/src/stores/ui.store.ts": 1775847656.3040595,
  "apps/web/src/stores/notification.store.ts": 1775407822.4776561,
  "apps/web/src/stores/revision-limit-modal.store.ts": 1775546254.5078413,
  "apps/web/src/stores/workspace.store.ts": 1775316377.1849914,
  "apps/web/src/components/HomeNavbar.tsx": 1775823366.0450954,
  "apps/web/src/components/google-auth-button.tsx": 1775823366.0450954,
  "apps/web/src/components/ui/badge.tsx": 1775397514.7104423,
  "apps/web/src/components/ui/sidebar.tsx": 1775397516.6974285,
  "apps/web/src/components/ui/avatar.tsx": 1775397514.2616365,
  "apps/web/src/components/ui/dropdown-menu.tsx": 1775397792.1280468,
  "apps/web/src/components/ui/skeleton.tsx": 1775397513.5843475,
  "apps/web/src/components/ui/breadcrumb.tsx": 1775847608.1891878,
  "apps/web/src/components/ui/button.tsx": 1775397512.6948957,
  "apps/web/src/components/ui/separator.tsx": 1775397511.9074454,
  "apps/web/src/components/ui/scroll-area.tsx": 1775397514.9430053,
  "apps/web/src/components/onboarding/OnboardingShell.tsx": 1775364502.5493073,
  "apps/web/src/components/onboarding/steps/CreateBriefTemplate.tsx": 1775316081.1249769,
  "apps/web/src/components/onboarding/steps/AddFirstClient.tsx": 1775301583.9752963,
  "apps/web/src/components/onboarding/steps/PortalTour.tsx": 1775364509.0423663,
  "apps/web/src/components/onboarding/steps/NameWorkspace.tsx": 1775894354.394773,
  "apps/web/src/components/onboarding/steps/CreateFirstProject.tsx": 1775301860.2189023,
  "apps/web/src/components/shared/SidebarSettingsTree.tsx": 1775584889.9347749,
  "apps/web/src/components/shared/UpcomingDeadlines.tsx": 1775399483.4652267,
  "apps/web/src/components/shared/GlobalLoader.tsx": 1775419370.2124379,
  "apps/web/src/components/shared/OnboardingChecklist.tsx": 1775470758.2094927,
  "apps/web/src/components/shared/TopBar.tsx": 1775847730.312133,
  "apps/web/src/components/shared/SidebarProjectsTree.tsx": 1775584889.9347749,
  "apps/web/src/components/shared/NavItem.tsx": 1775584889.9347749,
  "apps/web/src/components/shared/ActivityLogTab.tsx": 1775364534.0863042,
  "apps/web/src/components/shared/DashboardOverview.tsx": 1775847695.120055,
  "apps/web/src/components/shared/ConfirmDialog.tsx": 1775404132.9632301,
  "apps/web/src/components/shared/MetricCardGrid.tsx": 1775399390.41087,
  "apps/web/src/components/shared/EmptyState.tsx": 1775404105.7156873,
  "apps/web/src/components/shared/ScrollRevealObserver.tsx": 1775900639.3198152,
  "apps/web/src/components/shared/PageLoadingAnimation.tsx": 1775449373.6192162,
  "apps/web/src/components/shared/PageTransitionProvider.tsx": 1775900664.6789432,
  "apps/web/src/components/shared/WelcomeScreen.tsx": 1775401849.5641658,
  "apps/web/src/components/shared/RecentActivity.tsx": 1775399410.6815426,
  "apps/web/src/components/shared/NotFoundAnimation.tsx": 1775900647.600444,
  "apps/web/src/components/shared/Sidebar.tsx": 1775846928.7881243,
  "apps/web/src/components/shared/ScopeFlagsSummary.tsx": 1775470819.1392243,
  "apps/web/src/components/shared/NotificationBell.tsx": 1775404048.436622,
  "apps/web/src/components/shared/NotificationDropdown.tsx": 1775404084.124044,
  "apps/web/src/components/shared/AppBootSplash.tsx": 1775394192.156161,
  "apps/web/src/components/shared/lottie/LottiePlayer.tsx": 1775392175.0634084,
  "apps/web/src/components/shared/lottie/LottieFromPublic.tsx": 1775405171.8558133,
  "apps/web/src/components/shared/lottie/app-lottie-paths.ts": 1775823366.0492008,
  "apps/web/src/components/scope-guard/SowClauseEditor.tsx": 1775406641.793214,
  "apps/web/src/components/scope-guard/ScopeFlagCard.tsx": 1775823361.6810622,
  "apps/web/src/components/scope-guard/MessageIngestInput.tsx": 1775405344.8698153,
  "apps/web/src/components/scope-guard/ChangeOrderList.tsx": 1775499464.5557504,
  "apps/web/src/components/scope-guard/ScopeFlagList.tsx": 1775823361.6810622,
  "apps/web/src/components/scope-guard/ScopeMeter.tsx": 1775823361.6810622,
  "apps/web/src/components/scope-guard/ChangeOrderEditor.tsx": 1775499464.5518842,
  "apps/web/src/components/scope-guard/SowUploader.tsx": 1775823361.6810622,
  "apps/web/src/components/scope-guard/ScopeFlagDetail.tsx": 1775823361.6810622,
  "apps/web/src/components/settings/TeamMemberList.tsx": 1775364509.1046557,
  "apps/web/src/components/settings/InviteTeamMember.tsx": 1775301720.2294512,
  "apps/web/src/components/responsive/Modal.tsx": 1775420709.9130723,
  "apps/web/src/components/responsive/Navbar.tsx": 1775420668.293193,
  "apps/web/src/components/responsive/Card.tsx": 1775420566.7667868,
  "apps/web/src/components/responsive/Grid.tsx": 1775420526.2895896,
  "apps/web/src/components/responsive/Container.tsx": 1775420478.5504684,
  "apps/web/src/components/responsive/index.ts": 1775420789.9975052,
  "apps/web/src/components/responsive/Image.tsx": 1775420602.4998388,
  "apps/web/src/components/responsive/HeroSection.tsx": 1775470965.0036826,
  "apps/web/src/components/briefs/overview/briefs-overview.tsx": 1775465377.1582088,
  "apps/web/src/components/briefs/shared/empty-state-card.tsx": 1775465377.1582088,
  "apps/web/src/components/briefs/shared/score-pill.tsx": 1775465561.506185,
  "apps/web/src/components/briefs/shared/save-state-indicator.tsx": 1775465377.1582088,
  "apps/web/src/components/briefs/shared/status-badge.tsx": 1775465377.1582088,